{
  "version": 1,
  "author": "Anonymous maker",
  "editor": "wokwi",
  "parts": [
    { "type": "wokwi-breadboard-half", "id": "bb1", "top": -22.2, "left": -45.2, "attrs": {} },
    { "type": "wokwi-arduino-uno", "id": "uno", "top": 231, "left": -10.2, "attrs": {} },
    { "type": "wokwi-hc-sr04", "id": "ultrasonic1", "top": 20.7, "left": -32.9, "attrs": {} }
  ],
  "connections": [
    [ "uno:5V", "bb1:bp.1", "red", [ "v38.3", "h-207.4", "v-297.6" ] ],
    [ "uno:GND.1", "bb1:bn.1", "black", [ "v-48", "h-114.9" ] ],
    [ "bb1:bp.5", "bb1:7b.j", "red", [ "v-0.9", "h11.2" ] ],
    [ "bb1:10b.j", "bb1:bn.8", "black", [ "v0" ] ],
    [ "bb1:8b.i", "uno:7", "purple", [ "v86.4", "h124.8", "v0", "h9.6" ] ],
    [ "bb1:9b.i", "uno:8", "green", [ "v76.8", "h105.6" ] ],
    [ "ultrasonic1:VCC", "bb1:7b.h", "", [ "$bb" ] ],
    [ "ultrasonic1:TRIG", "bb1:8b.h", "", [ "$bb" ] ],
    [ "ultrasonic1:ECHO", "bb1:9b.h", "", [ "$bb" ] ],
    [ "ultrasonic1:GND", "bb1:10b.h", "", [ "$bb" ] ]
  ],
  "dependencies": {}
}