{
  "version": 1,
  "author": "Anonymous maker",
  "editor": "wokwi",
  "parts": [
    { "type": "wokwi-breadboard-half", "id": "bb1", "top": -41.4, "left": -64.4, "attrs": {} },
    { "type": "wokwi-arduino-uno", "id": "uno", "top": 231, "left": -39, "attrs": {} },
    { "type": "wokwi-dht22", "id": "dht1", "top": -18.9, "left": -5.4, "attrs": {} }
  ],
  "connections": [
    [ "uno:GND.2", "bb1:bn.1", "black", [ "v47.9", "h-226.5", "v-316.8" ] ],
    [ "uno:5V", "bb1:bp.1", "red", [ "v76.7", "h-255.4", "v-355.2" ] ],
    [ "uno:2", "bb1:7b.i", "blue", [ "v-38.4", "h-178.3" ] ],
    [ "bb1:bp.5", "bb1:6b.j", "red", [ "v0" ] ],
    [ "bb1:bn.7", "bb1:9b.j", "black", [ "v0" ] ],
    [ "dht1:VCC", "bb1:6b.h", "", [ "$bb" ] ],
    [ "dht1:SDA", "bb1:7b.h", "", [ "$bb" ] ],
    [ "dht1:NC", "bb1:8b.h", "", [ "$bb" ] ],
    [ "dht1:GND", "bb1:9b.h", "", [ "$bb" ] ]
  ],
  "dependencies": {}
}