{
  "version": 1,
  "author": "Anonymous maker",
  "editor": "wokwi",
  "parts": [
    { "type": "wokwi-arduino-uno", "id": "uno", "top": 0, "left": 0, "attrs": {} },
    {
      "type": "wokwi-lcd1602",
      "id": "lcd1",
      "top": -166.4,
      "left": -23.2,
      "attrs": { "pins": "i2c" }
    }
  ],
  "connections": [
    [ "lcd1:GND", "uno:GND.2", "black", [ "h-9.6", "v355.2", "h192" ] ],
    [ "lcd1:VCC", "uno:5V", "red", [ "h-28.8", "v374.5", "h211.2" ] ],
    [ "lcd1:SDA", "uno:A4", "green", [ "h-57.6", "v345.8", "h316.8" ] ],
    [ "lcd1:SCL", "uno:A5", "blue", [ "h9.6", "v365.1", "h278.4" ] ]
  ],
  "dependencies": {}
}