{
  "version": 1,
  "author": "Anonymous maker",
  "editor": "wokwi",
  "parts": [
    { "type": "wokwi-breadboard-half", "id": "bb1", "top": -60.6, "left": -170, "attrs": {} },
    { "type": "wokwi-arduino-uno", "id": "uno", "top": 192.6, "left": -154.2, "attrs": {} },
    { "type": "wokwi-led", "id": "led1", "top": 25.2, "left": -121, "attrs": { "color": "red" } },
    {
      "type": "wokwi-resistor",
      "id": "r1",
      "top": 100.8,
      "left": -134.95,
      "rotate": 90,
      "attrs": { "value": "220" }
    }
  ],
  "connections": [
    [ "uno:GND.2", "bb1:bn.1", "black", [ "v28.7", "h-178.5", "v-268.8" ] ],
    [ "uno:8", "bb1:6b.h", "red", [ "v-48", "h-114.8", "v-9.6" ] ],
    [ "led1:A", "bb1:6b.g", "", [ "$bb" ] ],
    [ "led1:C", "bb1:5b.g", "", [ "$bb" ] ],
    [ "r1:1", "bb1:5b.h", "", [ "$bb" ] ],
    [ "r1:2", "bb1:bn.4", "", [ "$bb" ] ]
  ],
  "dependencies": {}
}