{
  "version": 1,
  "author": "Anonymous maker",
  "editor": "wokwi",
  "parts": [
    { "type": "wokwi-breadboard-half", "id": "bb1", "top": -137.4, "left": -45.2, "attrs": {} },
    { "type": "wokwi-arduino-uno", "id": "uno", "top": 115.8, "left": -19.8, "attrs": {} },
    { "type": "wokwi-hc-sr04", "id": "ultrasonic1", "top": -94.5, "left": -32.9, "attrs": {} },
    {
      "type": "wokwi-resistor",
      "id": "r1",
      "top": 24,
      "left": 133.85,
      "rotate": 90,
      "attrs": { "value": "220" }
    },
    {
      "type": "wokwi-resistor",
      "id": "r2",
      "top": 24,
      "left": 162.65,
      "rotate": 90,
      "attrs": { "value": "220" }
    },
    {
      "type": "wokwi-resistor",
      "id": "r3",
      "top": 24,
      "left": 191.45,
      "rotate": 90,
      "attrs": { "value": "220" }
    },
    {
      "type": "wokwi-led",
      "id": "led1",
      "top": -51.6,
      "left": 138.2,
      "attrs": { "color": "green" }
    },
    {
      "type": "wokwi-led",
      "id": "led2",
      "top": -51.6,
      "left": 167,
      "attrs": { "color": "yellow" }
    },
    {
      "type": "wokwi-led",
      "id": "led3",
      "top": -51.6,
      "left": 195.8,
      "attrs": { "color": "red" }
    }
  ],
  "connections": [
    [ "uno:5V", "bb1:bp.1", "red", [ "v19.1", "h-245.8", "v-278.4" ] ],
    [ "uno:GND.1", "bb1:bn.1", "black", [ "v-28.8", "h-105.3" ] ],
    [ "uno:8", "bb1:9b.i", "green", [ "v-48", "h-9.2" ] ],
    [ "uno:7", "bb1:8b.i", "purple", [ "v-38.4", "h-130.8" ] ],
    [ "bb1:bp.5", "bb1:7b.j", "red", [ "v-0.9", "h11.2" ] ],
    [ "bb1:bn.8", "bb1:10b.j", "black", [ "v0" ] ],
    [ "ultrasonic1:VCC", "bb1:7b.h", "", [ "$bb" ] ],
    [ "ultrasonic1:TRIG", "bb1:8b.h", "", [ "$bb" ] ],
    [ "ultrasonic1:ECHO", "bb1:9b.h", "", [ "$bb" ] ],
    [ "ultrasonic1:GND", "bb1:10b.h", "", [ "$bb" ] ],
    [ "r1:1", "bb1:20b.h", "", [ "$bb" ] ],
    [ "r1:2", "bb1:bn.16", "", [ "$bb" ] ],
    [ "r2:1", "bb1:23b.h", "", [ "$bb" ] ],
    [ "r2:2", "bb1:bn.19", "", [ "$bb" ] ],
    [ "r3:1", "bb1:26b.h", "", [ "$bb" ] ],
    [ "r3:2", "bb1:bn.21", "", [ "$bb" ] ],
    [ "led1:A", "bb1:20b.g", "", [ "$bb" ] ],
    [ "led1:C", "bb1:19b.g", "", [ "$bb" ] ],
    [ "led2:A", "bb1:23b.g", "", [ "$bb" ] ],
    [ "led2:C", "bb1:22b.g", "", [ "$bb" ] ],
    [ "led3:A", "bb1:26b.g", "", [ "$bb" ] ],
    [ "led3:C", "bb1:25b.g", "", [ "$bb" ] ],
    [ "uno:4", "bb1:25b.j", "red", [ "h13.5", "v-105.6" ] ],
    [ "uno:5", "bb1:22b.j", "yellow", [ "h-5.8", "v-105.6" ] ],
    [ "uno:6", "bb1:19b.j", "limegreen", [ "v-57.6", "h-5.9" ] ]
  ],
  "dependencies": {}
}